event_id,event_time,event_type,type_name,title,source,strength,directions,stocks,verify_status,verify_signals,action
e21372d9188b,2026-10-03 09:45:10,E1,政策催化,“欧盟制造”边界之争折射欧洲产业政策难题,S1,58.0,,,未确认,,观察
e38145afcefd,2026-10-03 09:45:10,E1,政策催化,欧洲央行管委内格尔表示：德国经济今年可能增长约1%,S1,58.0,,,未确认,,观察
fac772e9b589,2026-10-03 09:45:10,E1,政策催化,与美联储政策利率挂钩的掉期合约已不再定价今年内一次完整的加息（25个基点）,S1,58.0,,,未确认,,观察
285b38fedbdd,2026-10-03 09:45:10,E1,政策催化,渣打银行预计欧洲央行将在2028年第一季度降息25个基点,S1,58.0,,,未确认,,观察
e02db1b0a3f5,2026-10-03 09:45:10,E2,产业催化,越南第三季度GDP同比增长9.95% 预期增长8.65%,S1,44.5,,,未确认,,观察
25c786abc10b,2026-10-03 09:45:10,E2,产业催化,西藏措美80兆瓦风电项目首台机组投产发电,S1,44.5,,,未确认,,观察
73b9e2b0beab,2026-10-03 09:45:10,E2,产业催化,东芝宣布大举扩产HDD 西部数据、希捷股价重挫,S1,44.5,,,未确认,,观察
d0cb9744e6c4,2026-10-03 09:45:10,E2,产业催化,美国8月耐用品订单终值环比下降0.1% 预估为0%,S1,44.5,,,未确认,,观察
7372ca5a01a5,2026-10-03 09:45:10,E2,产业催化,美国8月份工厂订单增长0.1% 预估为0.2%,S1,44.5,,,未确认,,观察
c9e3a35b6c42,2026-10-03 09:45:10,E2,产业催化,美国9月平均时薪同比增长3.0% 预期为增长3.1%,S1,44.5,,,未确认,,观察
